GO:0097731	"9+0 Non-Motile Cilium"	"GO:0097731"	"cellular component_id"	"AnatomicalEntity|BiologicalEntity|CellularComponent|Entity|NamedThing|OrganismalEntity"
GO:0097729	"9+2 Motile Cilium"	"GO:0097729"	"cellular component_id"	"AnatomicalEntity|BiologicalEntity|CellularComponent|Entity|NamedThing|OrganismalEntity"
GO:0030686	"90S Preribosome"	"GO:0030686"	"cellular component_id"	"AnatomicalEntity|BiologicalEntity|CellularComponent|Entity|NamedThing|OrganismalEntity"
GO:0032281	"AMPA Glutamate Receptor Complex"	"GO:0032281"	"cellular component_id"	"AnatomicalEntity|BiologicalEntity|CellularComponent|Entity|NamedThing|OrganismalEntity"
GO:0030121	"AP-1 Adaptor Complex"	"GO:0030121"	"cellular component_id"	"AnatomicalEntity|BiologicalEntity|CellularComponent|Entity|NamedThing|OrganismalEntity"
GO:0030122	"AP-2 Adaptor Complex"	"GO:0030122"	"cellular component_id"	"AnatomicalEntity|BiologicalEntity|CellularComponent|Entity|NamedThing|OrganismalEntity"
GO:0030123	"AP-3 Adaptor Complex"	"GO:0030123"	"cellular component_id"	"AnatomicalEntity|BiologicalEntity|CellularComponent|Entity|NamedThing|OrganismalEntity"
GO:0140672	"ATAC Complex"	"GO:0140672"	"cellular component_id"	"AnatomicalEntity|BiologicalEntity|CellularComponent|Entity|NamedThing|OrganismalEntity"
GO:0043190	"ATP-binding Cassette (ABC) Transporter Complex"	"GO:0043190"	"cellular component_id"	"AnatomicalEntity|BiologicalEntity|CellularComponent|Entity|NamedThing|OrganismalEntity"
GO:0098533	"ATPase Dependent Transmembrane Transport Complex"	"GO:0098533"	"cellular component_id"	"AnatomicalEntity|BiologicalEntity|CellularComponent|Entity|NamedThing|OrganismalEntity"
GO:0110016	"B-WICH Complex"	"GO:0110016"	"cellular component_id"	"AnatomicalEntity|BiologicalEntity|CellularComponent|Entity|NamedThing|OrganismalEntity"
GO:0031083	"BLOC-1 Complex"	"GO:0031083"	"cellular component_id"	"AnatomicalEntity|BiologicalEntity|CellularComponent|Entity|NamedThing|OrganismalEntity"
GO:0035631	"CD40 Receptor Complex"	"GO:0035631"	"cellular component_id"	"AnatomicalEntity|BiologicalEntity|CellularComponent|Entity|NamedThing|OrganismalEntity"
GO:0071162	"CMG Complex"	"GO:0071162"	"cellular component_id"	"AnatomicalEntity|BiologicalEntity|CellularComponent|Entity|NamedThing|OrganismalEntity"
GO:0030126	"COPI Vesicle Coat"	"GO:0030126"	"cellular component_id"	"AnatomicalEntity|BiologicalEntity|CellularComponent|Entity|NamedThing|OrganismalEntity"
GO:0030137	"COPI-coated Vesicle"	"GO:0030137"	"cellular component_id"	"AnatomicalEntity|BiologicalEntity|CellularComponent|Entity|NamedThing|OrganismalEntity"
GO:0030663	"COPI-coated Vesicle Membrane"	"GO:0030663"	"cellular component_id"	"AnatomicalEntity|BiologicalEntity|CellularComponent|Entity|NamedThing|OrganismalEntity"
GO:0030127	"COPII Vesicle Coat"	"GO:0030127"	"cellular component_id"	"AnatomicalEntity|BiologicalEntity|CellularComponent|Entity|NamedThing|OrganismalEntity"
GO:0030134	"COPII-coated ER To Golgi Transport Vesicle"	"GO:0030134"	"cellular component_id"	"AnatomicalEntity|BiologicalEntity|CellularComponent|Entity|NamedThing|OrganismalEntity"
GO:0036128	"CatSper Complex"	"GO:0036128"	"cellular component_id"	"AnatomicalEntity|BiologicalEntity|CellularComponent|Entity|NamedThing|OrganismalEntity"
GO:0016593	"Cdc73/Paf1 Complex"	"GO:0016593"	"cellular component_id"	"AnatomicalEntity|BiologicalEntity|CellularComponent|Entity|NamedThing|OrganismalEntity"
GO:0031462	"Cul2-RING Ubiquitin Ligase Complex"	"GO:0031462"	"cellular component_id"	"AnatomicalEntity|BiologicalEntity|CellularComponent|Entity|NamedThing|OrganismalEntity"
GO:0031463	"Cul3-RING Ubiquitin Ligase Complex"	"GO:0031463"	"cellular component_id"	"AnatomicalEntity|BiologicalEntity|CellularComponent|Entity|NamedThing|OrganismalEntity"
GO:0080008	"Cul4-RING E3 Ubiquitin Ligase Complex"	"GO:0080008"	"cellular component_id"	"AnatomicalEntity|BiologicalEntity|CellularComponent|Entity|NamedThing|OrganismalEntity"
GO:0031464	"Cul4A-RING E3 Ubiquitin Ligase Complex"	"GO:0031464"	"cellular component_id"	"AnatomicalEntity|BiologicalEntity|CellularComponent|Entity|NamedThing|OrganismalEntity"
GO:0031466	"Cul5-RING Ubiquitin Ligase Complex"	"GO:0031466"	"cellular component_id"	"AnatomicalEntity|BiologicalEntity|CellularComponent|Entity|NamedThing|OrganismalEntity"
GO:0012507	"ER To Golgi Transport Vesicle Membrane"	"GO:0012507"	"cellular component_id"	"AnatomicalEntity|BiologicalEntity|CellularComponent|Entity|NamedThing|OrganismalEntity"
GO:0035098	"ESC/E(Z) Complex"	"GO:0035098"	"cellular component_id"	"AnatomicalEntity|BiologicalEntity|CellularComponent|Entity|NamedThing|OrganismalEntity"
GO:0038037	"G Protein-Coupled Receptor Dimeric Complex"	"GO:0038037"	"cellular component_id"	"AnatomicalEntity|BiologicalEntity|CellularComponent|Entity|NamedThing|OrganismalEntity"
GO:1902711	"GABA-A Receptor Complex"	"GO:1902711"	"cellular component_id"	"AnatomicalEntity|BiologicalEntity|CellularComponent|Entity|NamedThing|OrganismalEntity"
GO:0098982	"GABA-ergic Synapse"	"GO:0098982"	"cellular component_id"	"AnatomicalEntity|BiologicalEntity|CellularComponent|Entity|NamedThing|OrganismalEntity"
GO:0140288	"GBAF Complex"	"GO:0140288"	"cellular component_id"	"AnatomicalEntity|BiologicalEntity|CellularComponent|Entity|NamedThing|OrganismalEntity"
GO:0000137	"Golgi Cis Cisterna"	"GO:0000137"	"cellular component_id"	"AnatomicalEntity|BiologicalEntity|CellularComponent|Entity|NamedThing|OrganismalEntity"
GO:0031985	"Golgi Cisterna"	"GO:0031985"	"cellular component_id"	"AnatomicalEntity|BiologicalEntity|CellularComponent|Entity|NamedThing|OrganismalEntity"
GO:0032580	"Golgi Cisterna Membrane"	"GO:0032580"	"cellular component_id"	"AnatomicalEntity|BiologicalEntity|CellularComponent|Entity|NamedThing|OrganismalEntity"
GO:0005796	"Golgi Lumen"	"GO:0005796"	"cellular component_id"	"AnatomicalEntity|BiologicalEntity|CellularComponent|Entity|NamedThing|OrganismalEntity"
GO:0005797	"Golgi Medial Cisterna"	"GO:0005797"	"cellular component_id"	"AnatomicalEntity|BiologicalEntity|CellularComponent|Entity|NamedThing|OrganismalEntity"
GO:0000139	"Golgi Membrane"	"GO:0000139"	"cellular component_id"	"AnatomicalEntity|BiologicalEntity|CellularComponent|Entity|NamedThing|OrganismalEntity"
GO:0005795	"Golgi Stack"	"GO:0005795"	"cellular component_id"	"AnatomicalEntity|BiologicalEntity|CellularComponent|Entity|NamedThing|OrganismalEntity"
GO:0000138	"Golgi Trans Cisterna"	"GO:0000138"	"cellular component_id"	"AnatomicalEntity|BiologicalEntity|CellularComponent|Entity|NamedThing|OrganismalEntity"
GO:0005798	"Golgi-associated Vesicle"	"GO:0005798"	"cellular component_id"	"AnatomicalEntity|BiologicalEntity|CellularComponent|Entity|NamedThing|OrganismalEntity"
GO:0030660	"Golgi-associated Vesicle Membrane"	"GO:0030660"	"cellular component_id"	"AnatomicalEntity|BiologicalEntity|CellularComponent|Entity|NamedThing|OrganismalEntity"
GO:0070775	"H3 Histone Acetyltransferase Complex"	"GO:0070775"	"cellular component_id"	"AnatomicalEntity|BiologicalEntity|CellularComponent|Entity|NamedThing|OrganismalEntity"
GO:1902562	"H4 Histone Acetyltransferase Complex"	"GO:1902562"	"cellular component_id"	"AnatomicalEntity|BiologicalEntity|CellularComponent|Entity|NamedThing|OrganismalEntity"
GO:0043189	"H4/H2A Histone Acetyltransferase Complex"	"GO:0043189"	"cellular component_id"	"AnatomicalEntity|BiologicalEntity|CellularComponent|Entity|NamedThing|OrganismalEntity"
GO:1990712	"HFE-transferrin Receptor Complex"	"GO:1990712"	"cellular component_id"	"AnatomicalEntity|BiologicalEntity|CellularComponent|Entity|NamedThing|OrganismalEntity"
GO:0000839	"Hrd1p Ubiquitin Ligase ERAD-L Complex"	"GO:0000839"	"cellular component_id"	"AnatomicalEntity|BiologicalEntity|CellularComponent|Entity|NamedThing|OrganismalEntity"
GO:0000836	"Hrd1p Ubiquitin Ligase Complex"	"GO:0000836"	"cellular component_id"	"AnatomicalEntity|BiologicalEntity|CellularComponent|Entity|NamedThing|OrganismalEntity"
GO:0097346	"INO80-type Complex"	"GO:0097346"	"cellular component_id"	"AnatomicalEntity|BiologicalEntity|CellularComponent|Entity|NamedThing|OrganismalEntity"
GO:0031010	"ISWI-type Complex"	"GO:0031010"	"cellular component_id"	"AnatomicalEntity|BiologicalEntity|CellularComponent|Entity|NamedThing|OrganismalEntity"
GO:0031011	"Ino80 Complex"	"GO:0031011"	"cellular component_id"	"AnatomicalEntity|BiologicalEntity|CellularComponent|Entity|NamedThing|OrganismalEntity"
GO:0042612	"MHC Class I Protein Complex"	"GO:0042612"	"cellular component_id"	"AnatomicalEntity|BiologicalEntity|CellularComponent|Entity|NamedThing|OrganismalEntity"
GO:0042613	"MHC Class II Protein Complex"	"GO:0042613"	"cellular component_id"	"AnatomicalEntity|BiologicalEntity|CellularComponent|Entity|NamedThing|OrganismalEntity"
GO:0042611	"MHC Protein Complex"	"GO:0042611"	"cellular component_id"	"AnatomicalEntity|BiologicalEntity|CellularComponent|Entity|NamedThing|OrganismalEntity"
GO:0140275	"MIB Complex"	"GO:0140275"	"cellular component_id"	"AnatomicalEntity|BiologicalEntity|CellularComponent|Entity|NamedThing|OrganismalEntity"
GO:0061617	"MICOS Complex"	"GO:0061617"	"cellular component_id"	"AnatomicalEntity|BiologicalEntity|CellularComponent|Entity|NamedThing|OrganismalEntity"
GO:0071339	"MLL1 Complex"	"GO:0071339"	"cellular component_id"	"AnatomicalEntity|BiologicalEntity|CellularComponent|Entity|NamedThing|OrganismalEntity"
GO:0044665	"MLL1/2 Complex"	"GO:0044665"	"cellular component_id"	"AnatomicalEntity|BiologicalEntity|CellularComponent|Entity|NamedThing|OrganismalEntity"
GO:0044666	"MLL3/4 Complex"	"GO:0044666"	"cellular component_id"	"AnatomicalEntity|BiologicalEntity|CellularComponent|Entity|NamedThing|OrganismalEntity"
GO:0070776	"MOZ/MORF Histone Acetyltransferase Complex"	"GO:0070776"	"cellular component_id"	"AnatomicalEntity|BiologicalEntity|CellularComponent|Entity|NamedThing|OrganismalEntity"
GO:0043020	"NADPH Oxidase Complex"	"GO:0043020"	"cellular component_id"	"AnatomicalEntity|BiologicalEntity|CellularComponent|Entity|NamedThing|OrganismalEntity"
GO:0017146	"NMDA Selective Glutamate Receptor Complex"	"GO:0017146"	"cellular component_id"	"AnatomicalEntity|BiologicalEntity|CellularComponent|Entity|NamedThing|OrganismalEntity"
GO:0044545	"NSL Complex"	"GO:0044545"	"cellular component_id"	"AnatomicalEntity|BiologicalEntity|CellularComponent|Entity|NamedThing|OrganismalEntity"
GO:0016589	"NURF Complex"	"GO:0016589"	"cellular component_id"	"AnatomicalEntity|BiologicalEntity|CellularComponent|Entity|NamedThing|OrganismalEntity"
GO:0035267	"NuA4 Histone Acetyltransferase Complex"	"GO:0035267"	"cellular component_id"	"AnatomicalEntity|BiologicalEntity|CellularComponent|Entity|NamedThing|OrganismalEntity"
GO:0043186	"P Granule"	"GO:0043186"	"cellular component_id"	"AnatomicalEntity|BiologicalEntity|CellularComponent|Entity|NamedThing|OrganismalEntity"
GO:0000932	"P-body"	"GO:0000932"	"cellular component_id"	"AnatomicalEntity|BiologicalEntity|CellularComponent|Entity|NamedThing|OrganismalEntity"
GO:0120157	"PAR Polarity Complex"	"GO:0120157"	"cellular component_id"	"AnatomicalEntity|BiologicalEntity|CellularComponent|Entity|NamedThing|OrganismalEntity"
GO:0035102	"PRC1 Complex"	"GO:0035102"	"cellular component_id"	"AnatomicalEntity|BiologicalEntity|CellularComponent|Entity|NamedThing|OrganismalEntity"
GO:0072357	"PTW/PP1 Phosphatase Complex"	"GO:0072357"	"cellular component_id"	"AnatomicalEntity|BiologicalEntity|CellularComponent|Entity|NamedThing|OrganismalEntity"
GO:0016442	"RISC Complex"	"GO:0016442"	"cellular component_id"	"AnatomicalEntity|BiologicalEntity|CellularComponent|Entity|NamedThing|OrganismalEntity"
GO:0070578	"RISC-loading Complex"	"GO:0070578"	"cellular component_id"	"AnatomicalEntity|BiologicalEntity|CellularComponent|Entity|NamedThing|OrganismalEntity"
GO:0036396	"RNA N6-methyladenosine Methyltransferase Complex"	"GO:0036396"	"cellular component_id"	"AnatomicalEntity|BiologicalEntity|CellularComponent|Entity|NamedThing|OrganismalEntity"
GO:0005736	"RNA Polymerase I Complex"	"GO:0005736"	"cellular component_id"	"AnatomicalEntity|BiologicalEntity|CellularComponent|Entity|NamedThing|OrganismalEntity"
GO:0005665	"RNA Polymerase II, Core Complex"	"GO:0005665"	"cellular component_id"	"AnatomicalEntity|BiologicalEntity|CellularComponent|Entity|NamedThing|OrganismalEntity"
GO:0005666	"RNA Polymerase III Complex"	"GO:0005666"	"cellular component_id"	"AnatomicalEntity|BiologicalEntity|CellularComponent|Entity|NamedThing|OrganismalEntity"
GO:0016586	"RSC-type Complex"	"GO:0016586"	"cellular component_id"	"AnatomicalEntity|BiologicalEntity|CellularComponent|Entity|NamedThing|OrganismalEntity"
GO:0000124	"SAGA Complex"	"GO:0000124"	"cellular component_id"	"AnatomicalEntity|BiologicalEntity|CellularComponent|Entity|NamedThing|OrganismalEntity"
GO:0070461	"SAGA-type Complex"	"GO:0070461"	"cellular component_id"	"AnatomicalEntity|BiologicalEntity|CellularComponent|Entity|NamedThing|OrganismalEntity"
GO:0001401	"SAM Complex"	"GO:0001401"	"cellular component_id"	"AnatomicalEntity|BiologicalEntity|CellularComponent|Entity|NamedThing|OrganismalEntity"
GO:0019005	"SCF Ubiquitin Ligase Complex"	"GO:0019005"	"cellular component_id"	"AnatomicalEntity|BiologicalEntity|CellularComponent|Entity|NamedThing|OrganismalEntity"
GO:0106068	"SUMO Ligase Complex"	"GO:0106068"	"cellular component_id"	"AnatomicalEntity|BiologicalEntity|CellularComponent|Entity|NamedThing|OrganismalEntity"
GO:0016514	"SWI/SNF Complex"	"GO:0016514"	"cellular component_id"	"AnatomicalEntity|BiologicalEntity|CellularComponent|Entity|NamedThing|OrganismalEntity"
GO:0048188	"Set1C/COMPASS Complex"	"GO:0048188"	"cellular component_id"	"AnatomicalEntity|BiologicalEntity|CellularComponent|Entity|NamedThing|OrganismalEntity"
GO:0016580	"Sin3 Complex"	"GO:0016580"	"cellular component_id"	"AnatomicalEntity|BiologicalEntity|CellularComponent|Entity|NamedThing|OrganismalEntity"
GO:0070822	"Sin3-type Complex"	"GO:0070822"	"cellular component_id"	"AnatomicalEntity|BiologicalEntity|CellularComponent|Entity|NamedThing|OrganismalEntity"
GO:0030915	"Smc5-Smc6 Complex"	"GO:0030915"	"cellular component_id"	"AnatomicalEntity|BiologicalEntity|CellularComponent|Entity|NamedThing|OrganismalEntity"
GO:0000812	"Swr1 Complex"	"GO:0000812"	"cellular component_id"	"AnatomicalEntity|BiologicalEntity|CellularComponent|Entity|NamedThing|OrganismalEntity"
GO:0042101	"T Cell Receptor Complex"	"GO:0042101"	"cellular component_id"	"AnatomicalEntity|BiologicalEntity|CellularComponent|Entity|NamedThing|OrganismalEntity"
GO:0000445	"THO Complex Part Of Transcription Export Complex"	"GO:0000445"	"cellular component_id"	"AnatomicalEntity|BiologicalEntity|CellularComponent|Entity|NamedThing|OrganismalEntity"
GO:0042721	"TIM22 Mitochondrial Import Inner Membrane Insertion Complex"	"GO:0042721"	"cellular component_id"	"AnatomicalEntity|BiologicalEntity|CellularComponent|Entity|NamedThing|OrganismalEntity"
GO:0005744	"TIM23 Mitochondrial Import Inner Membrane Translocase Complex"	"GO:0005744"	"cellular component_id"	"AnatomicalEntity|BiologicalEntity|CellularComponent|Entity|NamedThing|OrganismalEntity"
GO:0031932	"TORC2 Complex"	"GO:0031932"	"cellular component_id"	"AnatomicalEntity|BiologicalEntity|CellularComponent|Entity|NamedThing|OrganismalEntity"
GO:1990071	"TRAPPII Protein Complex"	"GO:1990071"	"cellular component_id"	"AnatomicalEntity|BiologicalEntity|CellularComponent|Entity|NamedThing|OrganismalEntity"
GO:1990072	"TRAPPIII Protein Complex"	"GO:1990072"	"cellular component_id"	"AnatomicalEntity|BiologicalEntity|CellularComponent|Entity|NamedThing|OrganismalEntity"
GO:0005685	"U1 snRNP"	"GO:0005685"	"cellular component_id"	"AnatomicalEntity|BiologicalEntity|CellularComponent|Entity|NamedThing|OrganismalEntity"
GO:0005689	"U12-type Spliceosomal Complex"	"GO:0005689"	"cellular component_id"	"AnatomicalEntity|BiologicalEntity|CellularComponent|Entity|NamedThing|OrganismalEntity"
GO:0005686	"U2 snRNP"	"GO:0005686"	"cellular component_id"	"AnatomicalEntity|BiologicalEntity|CellularComponent|Entity|NamedThing|OrganismalEntity"
GO:0071006	"U2-type Catalytic Step 1 Spliceosome"	"GO:0071006"	"cellular component_id"	"AnatomicalEntity|BiologicalEntity|CellularComponent|Entity|NamedThing|OrganismalEntity"
GO:0071007	"U2-type Catalytic Step 2 Spliceosome"	"GO:0071007"	"cellular component_id"	"AnatomicalEntity|BiologicalEntity|CellularComponent|Entity|NamedThing|OrganismalEntity"
GO:0071005	"U2-type Precatalytic Spliceosome"	"GO:0071005"	"cellular component_id"	"AnatomicalEntity|BiologicalEntity|CellularComponent|Entity|NamedThing|OrganismalEntity"
GO:0071004	"U2-type Prespliceosome"	"GO:0071004"	"cellular component_id"	"AnatomicalEntity|BiologicalEntity|CellularComponent|Entity|NamedThing|OrganismalEntity"
GO:0005684	"U2-type Spliceosomal Complex"	"GO:0005684"	"cellular component_id"	"AnatomicalEntity|BiologicalEntity|CellularComponent|Entity|NamedThing|OrganismalEntity"
GO:0005687	"U4 snRNP"	"GO:0005687"	"cellular component_id"	"AnatomicalEntity|BiologicalEntity|CellularComponent|Entity|NamedThing|OrganismalEntity"
GO:0046540	"U4/U6 X U5 tri-snRNP Complex"	"GO:0046540"	"cellular component_id"	"AnatomicalEntity|BiologicalEntity|CellularComponent|Entity|NamedThing|OrganismalEntity"
GO:0005682	"U5 snRNP"	"GO:0005682"	"cellular component_id"	"AnatomicalEntity|BiologicalEntity|CellularComponent|Entity|NamedThing|OrganismalEntity"
GO:0005688	"U6 snRNP"	"GO:0005688"	"cellular component_id"	"AnatomicalEntity|BiologicalEntity|CellularComponent|Entity|NamedThing|OrganismalEntity"
GO:0005683	"U7 snRNP"	"GO:0005683"	"cellular component_id"	"AnatomicalEntity|BiologicalEntity|CellularComponent|Entity|NamedThing|OrganismalEntity"
GO:0000805	"X Chromosome"	"GO:0000805"	"cellular component_id"	"AnatomicalEntity|BiologicalEntity|CellularComponent|Entity|NamedThing|OrganismalEntity"
GO:0005892	"Acetylcholine-Gated Channel Complex"	"GO:0005892"	"cellular component_id"	"AnatomicalEntity|BiologicalEntity|CellularComponent|Entity|NamedThing|OrganismalEntity"
GO:0002080	"Acrosomal Membrane"	"GO:0002080"	"cellular component_id"	"AnatomicalEntity|BiologicalEntity|CellularComponent|Entity|NamedThing|OrganismalEntity"
GO:0001669	"Acrosomal Vesicle"	"GO:0001669"	"cellular component_id"	"AnatomicalEntity|BiologicalEntity|CellularComponent|Entity|NamedThing|OrganismalEntity"
GO:0015629	"Actin Cytoskeleton"	"GO:0015629"	"cellular component_id"	"AnatomicalEntity|BiologicalEntity|CellularComponent|Entity|NamedThing|OrganismalEntity"
GO:0005884	"Actin Filament"	"GO:0005884"	"cellular component_id"	"AnatomicalEntity|BiologicalEntity|CellularComponent|Entity|NamedThing|OrganismalEntity"
GO:0098858	"Actin-Based Cell Projection"	"GO:0098858"	"cellular component_id"	"AnatomicalEntity|BiologicalEntity|CellularComponent|Entity|NamedThing|OrganismalEntity"
GO:0048179	"Activin Receptor Complex"	"GO:0048179"	"cellular component_id"	"AnatomicalEntity|BiologicalEntity|CellularComponent|Entity|NamedThing|OrganismalEntity"
GO:0005912	"Adherens Junction"	"GO:0005912"	"cellular component_id"	"AnatomicalEntity|BiologicalEntity|CellularComponent|Entity|NamedThing|OrganismalEntity"
GO:0016235	"Aggresome"	"GO:0016235"	"cellular component_id"	"AnatomicalEntity|BiologicalEntity|CellularComponent|Entity|NamedThing|OrganismalEntity"
GO:0042105	"Alpha-Beta T Cell Receptor Complex"	"GO:0042105"	"cellular component_id"	"AnatomicalEntity|BiologicalEntity|CellularComponent|Entity|NamedThing|OrganismalEntity"
GO:0097208	"Alveolar Lamellar Body"	"GO:0097208"	"cellular component_id"	"AnatomicalEntity|BiologicalEntity|CellularComponent|Entity|NamedThing|OrganismalEntity"
GO:0044753	"Amphisome"	"GO:0044753"	"cellular component_id"	"AnatomicalEntity|BiologicalEntity|CellularComponent|Entity|NamedThing|OrganismalEntity"
GO:1904930	"Amphisome Membrane"	"GO:1904930"	"cellular component_id"	"AnatomicalEntity|BiologicalEntity|CellularComponent|Entity|NamedThing|OrganismalEntity"
GO:0005680	"Anaphase-Promoting Complex"	"GO:0005680"	"cellular component_id"	"AnatomicalEntity|BiologicalEntity|CellularComponent|Entity|NamedThing|OrganismalEntity"
GO:0097440	"Apical Dendrite"	"GO:0097440"	"cellular component_id"	"AnatomicalEntity|BiologicalEntity|CellularComponent|Entity|NamedThing|OrganismalEntity"
GO:0043296	"Apical Junction Complex"	"GO:0043296"	"cellular component_id"	"AnatomicalEntity|BiologicalEntity|CellularComponent|Entity|NamedThing|OrganismalEntity"
GO:0016327	"Apicolateral Plasma Membrane"	"GO:0016327"	"cellular component_id"	"AnatomicalEntity|BiologicalEntity|CellularComponent|Entity|NamedThing|OrganismalEntity"
GO:0000235	"Astral Microtubule"	"GO:0000235"	"cellular component_id"	"AnatomicalEntity|BiologicalEntity|CellularComponent|Entity|NamedThing|OrganismalEntity"
GO:0097449	"Astrocyte Projection"	"GO:0097449"	"cellular component_id"	"AnatomicalEntity|BiologicalEntity|CellularComponent|Entity|NamedThing|OrganismalEntity"
GO:0032279	"Asymmetric Synapse"	"GO:0032279"	"cellular component_id"	"AnatomicalEntity|BiologicalEntity|CellularComponent|Entity|NamedThing|OrganismalEntity"
GO:0098985	"Asymmetric, Glutamatergic, Excitatory Synapse"	"GO:0098985"	"cellular component_id"	"AnatomicalEntity|BiologicalEntity|CellularComponent|Entity|NamedThing|OrganismalEntity"
GO:0044754	"Autolysosome"	"GO:0044754"	"cellular component_id"	"AnatomicalEntity|BiologicalEntity|CellularComponent|Entity|NamedThing|OrganismalEntity"
GO:0005776	"Autophagosome"	"GO:0005776"	"cellular component_id"	"AnatomicalEntity|BiologicalEntity|CellularComponent|Entity|NamedThing|OrganismalEntity"
GO:0000421	"Autophagosome Membrane"	"GO:0000421"	"cellular component_id"	"AnatomicalEntity|BiologicalEntity|CellularComponent|Entity|NamedThing|OrganismalEntity"
GO:0030424	"Axon"	"GO:0030424"	"cellular component_id"	"AnatomicalEntity|BiologicalEntity|CellularComponent|Entity|NamedThing|OrganismalEntity"
GO:0044295	"Axonal Growth Cone"	"GO:0044295"	"cellular component_id"	"AnatomicalEntity|BiologicalEntity|CellularComponent|Entity|NamedThing|OrganismalEntity"
GO:0042582	"Azurophil Granule"	"GO:0042582"	"cellular component_id"	"AnatomicalEntity|BiologicalEntity|CellularComponent|Entity|NamedThing|OrganismalEntity"
GO:0035578	"Azurophil Granule Lumen"	"GO:0035578"	"cellular component_id"	"AnatomicalEntity|BiologicalEntity|CellularComponent|Entity|NamedThing|OrganismalEntity"
GO:0035577	"Azurophil Granule Membrane"	"GO:0035577"	"cellular component_id"	"AnatomicalEntity|BiologicalEntity|CellularComponent|Entity|NamedThing|OrganismalEntity"
GO:0140092	"bBAF Complex"	"GO:0140092"	"cellular component_id"	"AnatomicalEntity|BiologicalEntity|CellularComponent|Entity|NamedThing|OrganismalEntity"
GO:0005604	"Basement Membrane"	"GO:0005604"	"cellular component_id"	"AnatomicalEntity|BiologicalEntity|CellularComponent|Entity|NamedThing|OrganismalEntity"
GO:0016323	"Basolateral Plasma Membrane"	"GO:0016323"	"cellular component_id"	"AnatomicalEntity|BiologicalEntity|CellularComponent|Entity|NamedThing|OrganismalEntity"
GO:1990907	"beta-catenin-TCF Complex"	"GO:1990907"	"cellular component_id"	"AnatomicalEntity|BiologicalEntity|CellularComponent|Entity|NamedThing|OrganismalEntity"
GO:0005923	"Bicellular Tight Junction"	"GO:0005923"	"cellular component_id"	"AnatomicalEntity|BiologicalEntity|CellularComponent|Entity|NamedThing|OrganismalEntity"
GO:0098588	"Bounding Membrane Of Organelle"	"GO:0098588"	"cellular component_id"	"AnatomicalEntity|BiologicalEntity|CellularComponent|Entity|NamedThing|OrganismalEntity"
GO:0031428	"Box C/D RNP Complex"	"GO:0031428"	"cellular component_id"	"AnatomicalEntity|BiologicalEntity|CellularComponent|Entity|NamedThing|OrganismalEntity"
GO:0035060	"Brahma Complex"	"GO:0035060"	"cellular component_id"	"AnatomicalEntity|BiologicalEntity|CellularComponent|Entity|NamedThing|OrganismalEntity"
GO:0031526	"Brush Border Membrane"	"GO:0031526"	"cellular component_id"	"AnatomicalEntity|BiologicalEntity|CellularComponent|Entity|NamedThing|OrganismalEntity"
GO:0034704	"Calcium Channel Complex"	"GO:0034704"	"cellular component_id"	"AnatomicalEntity|BiologicalEntity|CellularComponent|Entity|NamedThing|OrganismalEntity"
GO:0016342	"Catenin Complex"	"GO:0016342"	"cellular component_id"	"AnatomicalEntity|BiologicalEntity|CellularComponent|Entity|NamedThing|OrganismalEntity"
GO:0034703	"Cation Channel Complex"	"GO:0034703"	"cellular component_id"	"AnatomicalEntity|BiologicalEntity|CellularComponent|Entity|NamedThing|OrganismalEntity"
GO:0090533	"Cation-Transporting ATPase Complex"	"GO:0090533"	"cellular component_id"	"AnatomicalEntity|BiologicalEntity|CellularComponent|Entity|NamedThing|OrganismalEntity"
GO:0005901	"Caveola"	"GO:0005901"	"cellular component_id"	"AnatomicalEntity|BiologicalEntity|CellularComponent|Entity|NamedThing|OrganismalEntity"
GO:0031253	"Cell Projection Membrane"	"GO:0031253"	"cellular component_id"	"AnatomicalEntity|BiologicalEntity|CellularComponent|Entity|NamedThing|OrganismalEntity"
GO:0044291	"Cell-Cell Contact Zone"	"GO:0044291"	"cellular component_id"	"AnatomicalEntity|BiologicalEntity|CellularComponent|Entity|NamedThing|OrganismalEntity"
GO:0005911	"Cell-Cell Junction"	"GO:0005911"	"cellular component_id"	"AnatomicalEntity|BiologicalEntity|CellularComponent|Entity|NamedThing|OrganismalEntity"
GO:0030055	"Cell-Substrate Junction"	"GO:0030055"	"cellular component_id"	"AnatomicalEntity|BiologicalEntity|CellularComponent|Entity|NamedThing|OrganismalEntity"
GO:0045009	"Chitosome"	"GO:0045009"	"cellular component_id"	"AnatomicalEntity|BiologicalEntity|CellularComponent|Entity|NamedThing|OrganismalEntity"
GO:0034707	"Chloride Channel Complex"	"GO:0034707"	"cellular component_id"	"AnatomicalEntity|BiologicalEntity|CellularComponent|Entity|NamedThing|OrganismalEntity"
GO:0033391	"Chromatoid Body"	"GO:0033391"	"cellular component_id"	"AnatomicalEntity|BiologicalEntity|CellularComponent|Entity|NamedThing|OrganismalEntity"
GO:0010369	"Chromocenter"	"GO:0010369"	"cellular component_id"	"AnatomicalEntity|BiologicalEntity|CellularComponent|Entity|NamedThing|OrganismalEntity"
GO:0005694	"Chromosome"	"GO:0005694"	"cellular component_id"	"AnatomicalEntity|BiologicalEntity|CellularComponent|Entity|NamedThing|OrganismalEntity"
GO:0042627	"Chylomicron"	"GO:0042627"	"cellular component_id"	"AnatomicalEntity|BiologicalEntity|CellularComponent|Entity|NamedThing|OrganismalEntity"
GO:0060170	"Ciliary Membrane"	"GO:0060170"	"cellular component_id"	"AnatomicalEntity|BiologicalEntity|CellularComponent|Entity|NamedThing|OrganismalEntity"
GO:0005929	"Cilium"	"GO:0005929"	"cellular component_id"	"AnatomicalEntity|BiologicalEntity|CellularComponent|Entity|NamedThing|OrganismalEntity"
GO:0005801	"cis-Golgi Network"	"GO:0005801"	"cellular component_id"	"AnatomicalEntity|BiologicalEntity|CellularComponent|Entity|NamedThing|OrganismalEntity"
GO:0033106	"cis-Golgi Network Membrane"	"GO:0033106"	"cellular component_id"	"AnatomicalEntity|BiologicalEntity|CellularComponent|Entity|NamedThing|OrganismalEntity"
GO:0030131	"Clathrin Adaptor Complex"	"GO:0030131"	"cellular component_id"	"AnatomicalEntity|BiologicalEntity|CellularComponent|Entity|NamedThing|OrganismalEntity"
GO:0030118	"Clathrin Coat"	"GO:0030118"	"cellular component_id"	"AnatomicalEntity|BiologicalEntity|CellularComponent|Entity|NamedThing|OrganismalEntity"
GO:0030132	"Clathrin Coat Of Coated Pit"	"GO:0030132"	"cellular component_id"	"AnatomicalEntity|BiologicalEntity|CellularComponent|Entity|NamedThing|OrganismalEntity"
GO:0030128	"Clathrin Coat Of Endocytic Vesicle"	"GO:0030128"	"cellular component_id"	"AnatomicalEntity|BiologicalEntity|CellularComponent|Entity|NamedThing|OrganismalEntity"
GO:0030130	"Clathrin Coat Of trans-Golgi Network Vesicle"	"GO:0030130"	"cellular component_id"	"AnatomicalEntity|BiologicalEntity|CellularComponent|Entity|NamedThing|OrganismalEntity"
GO:0030125	"Clathrin Vesicle Coat"	"GO:0030125"	"cellular component_id"	"AnatomicalEntity|BiologicalEntity|CellularComponent|Entity|NamedThing|OrganismalEntity"
GO:0045334	"Clathrin-Coated Endocytic Vesicle"	"GO:0045334"	"cellular component_id"	"AnatomicalEntity|BiologicalEntity|CellularComponent|Entity|NamedThing|OrganismalEntity"
GO:0030669	"Clathrin-Coated Endocytic Vesicle Membrane"	"GO:0030669"	"cellular component_id"	"AnatomicalEntity|BiologicalEntity|CellularComponent|Entity|NamedThing|OrganismalEntity"
GO:0030136	"Clathrin-Coated Vesicle"	"GO:0030136"	"cellular component_id"	"AnatomicalEntity|BiologicalEntity|CellularComponent|Entity|NamedThing|OrganismalEntity"
GO:0030665	"Clathrin-Coated Vesicle Membrane"	"GO:0030665"	"cellular component_id"	"AnatomicalEntity|BiologicalEntity|CellularComponent|Entity|NamedThing|OrganismalEntity"
GO:0061200	"Clathrin-Sculpted Gamma-Aminobutyric Acid Transport Vesicle"	"GO:0061200"	"cellular component_id"	"AnatomicalEntity|BiologicalEntity|CellularComponent|Entity|NamedThing|OrganismalEntity"
GO:0061202	"Clathrin-Sculpted Gamma-Aminobutyric Acid Transport Vesicle Membrane"	"GO:0061202"	"cellular component_id"	"AnatomicalEntity|BiologicalEntity|CellularComponent|Entity|NamedThing|OrganismalEntity"
GO:0030135	"Coated Vesicle"	"GO:0030135"	"cellular component_id"	"AnatomicalEntity|BiologicalEntity|CellularComponent|Entity|NamedThing|OrganismalEntity"
GO:0030662	"Coated Vesicle Membrane"	"GO:0030662"	"cellular component_id"	"AnatomicalEntity|BiologicalEntity|CellularComponent|Entity|NamedThing|OrganismalEntity"
GO:0062023	"Collagen-Containing Extracellular Matrix"	"GO:0062023"	"cellular component_id"	"AnatomicalEntity|BiologicalEntity|CellularComponent|Entity|NamedThing|OrganismalEntity"
GO:0000793	"Condensed Chromosome"	"GO:0000793"	"cellular component_id"	"AnatomicalEntity|BiologicalEntity|CellularComponent|Entity|NamedThing|OrganismalEntity"
GO:0000779	"Condensed Chromosome, Centromeric Region"	"GO:0000779"	"cellular component_id"	"AnatomicalEntity|BiologicalEntity|CellularComponent|Entity|NamedThing|OrganismalEntity"
GO:0000794	"Condensed Nuclear Chromosome"	"GO:0000794"	"cellular component_id"	"AnatomicalEntity|BiologicalEntity|CellularComponent|Entity|NamedThing|OrganismalEntity"
GO:0005922	"Connexin Complex"	"GO:0005922"	"cellular component_id"	"AnatomicalEntity|BiologicalEntity|CellularComponent|Entity|NamedThing|OrganismalEntity"
GO:0070847	"Core Mediator Complex"	"GO:0070847"	"cellular component_id"	"AnatomicalEntity|BiologicalEntity|CellularComponent|Entity|NamedThing|OrganismalEntity"
GO:0001533	"Cornified Envelope"	"GO:0001533"	"cellular component_id"	"AnatomicalEntity|BiologicalEntity|CellularComponent|Entity|NamedThing|OrganismalEntity"
GO:0030864	"Cortical Actin Cytoskeleton"	"GO:0030864"	"cellular component_id"	"AnatomicalEntity|BiologicalEntity|CellularComponent|Entity|NamedThing|OrganismalEntity"
GO:0030863	"Cortical Cytoskeleton"	"GO:0030863"	"cellular component_id"	"AnatomicalEntity|BiologicalEntity|CellularComponent|Entity|NamedThing|OrganismalEntity"
GO:0032541	"Cortical Endoplasmic Reticulum"	"GO:0032541"	"cellular component_id"	"AnatomicalEntity|BiologicalEntity|CellularComponent|Entity|NamedThing|OrganismalEntity"
GO:0060473	"Cortical Granule"	"GO:0060473"	"cellular component_id"	"AnatomicalEntity|BiologicalEntity|CellularComponent|Entity|NamedThing|OrganismalEntity"
GO:0031461	"cullin-RING Ubiquitin Ligase Complex"	"GO:0031461"	"cellular component_id"	"AnatomicalEntity|BiologicalEntity|CellularComponent|Entity|NamedThing|OrganismalEntity"
GO:0000307	"Cyclin-Dependent Protein Kinase Holoenzyme Complex"	"GO:0000307"	"cellular component_id"	"AnatomicalEntity|BiologicalEntity|CellularComponent|Entity|NamedThing|OrganismalEntity"
GO:0008024	"cyclin/CDK Positive Transcription Elongation Factor Complex"	"GO:0008024"	"cellular component_id"	"AnatomicalEntity|BiologicalEntity|CellularComponent|Entity|NamedThing|OrganismalEntity"
GO:0044194	"Cytolytic Granule"	"GO:0044194"	"cellular component_id"	"AnatomicalEntity|BiologicalEntity|CellularComponent|Entity|NamedThing|OrganismalEntity"
GO:0005868	"Cytoplasmic Dynein Complex"	"GO:0005868"	"cellular component_id"	"AnatomicalEntity|BiologicalEntity|CellularComponent|Entity|NamedThing|OrganismalEntity"
GO:0098554	"Cytoplasmic Side Of Endoplasmic Reticulum Membrane"	"GO:0098554"	"cellular component_id"	"AnatomicalEntity|BiologicalEntity|CellularComponent|Entity|NamedThing|OrganismalEntity"
GO:0010009	"Cytoplasmic Side Of Endosome Membrane"	"GO:0010009"	"cellular component_id"	"AnatomicalEntity|BiologicalEntity|CellularComponent|Entity|NamedThing|OrganismalEntity"
GO:0098574	"Cytoplasmic Side Of Lysosomal Membrane"	"GO:0098574"	"cellular component_id"	"AnatomicalEntity|BiologicalEntity|CellularComponent|Entity|NamedThing|OrganismalEntity"
GO:0009898	"Cytoplasmic Side Of Plasma Membrane"	"GO:0009898"	"cellular component_id"	"AnatomicalEntity|BiologicalEntity|CellularComponent|Entity|NamedThing|OrganismalEntity"
GO:0010494	"Cytoplasmic Stress Granule"	"GO:0010494"	"cellular component_id"	"AnatomicalEntity|BiologicalEntity|CellularComponent|Entity|NamedThing|OrganismalEntity"
GO:0060205	"Cytoplasmic Vesicle Lumen"	"GO:0060205"	"cellular component_id"	"AnatomicalEntity|BiologicalEntity|CellularComponent|Entity|NamedThing|OrganismalEntity"
GO:0030659	"Cytoplasmic Vesicle Membrane"	"GO:0030659"	"cellular component_id"	"AnatomicalEntity|BiologicalEntity|CellularComponent|Entity|NamedThing|OrganismalEntity"
GO:0005856	"Cytoskeleton"	"GO:0005856"	"cellular component_id"	"AnatomicalEntity|BiologicalEntity|CellularComponent|Entity|NamedThing|OrganismalEntity"
GO:0048788	"Cytoskeleton Of Presynaptic Active Zone"	"GO:0048788"	"cellular component_id"	"AnatomicalEntity|BiologicalEntity|CellularComponent|Entity|NamedThing|OrganismalEntity"
GO:0022625	"Cytosolic Large Ribosomal Subunit"	"GO:0022625"	"cellular component_id"	"AnatomicalEntity|BiologicalEntity|CellularComponent|Entity|NamedThing|OrganismalEntity"
GO:0022627	"Cytosolic Small Ribosomal Subunit"	"GO:0022627"	"cellular component_id"	"AnatomicalEntity|BiologicalEntity|CellularComponent|Entity|NamedThing|OrganismalEntity"
GO:0031264	"Death-Inducing Signaling Complex"	"GO:0031264"	"cellular component_id"	"AnatomicalEntity|BiologicalEntity|CellularComponent|Entity|NamedThing|OrganismalEntity"
GO:0030425	"Dendrite"	"GO:0030425"	"cellular component_id"	"AnatomicalEntity|BiologicalEntity|CellularComponent|Entity|NamedThing|OrganismalEntity"
GO:0032839	"Dendrite Cytoplasm"	"GO:0032839"	"cellular component_id"	"AnatomicalEntity|BiologicalEntity|CellularComponent|Entity|NamedThing|OrganismalEntity"
GO:0032590	"Dendrite Membrane"	"GO:0032590"	"cellular component_id"	"AnatomicalEntity|BiologicalEntity|CellularComponent|Entity|NamedThing|OrganismalEntity"
GO:0032591	"Dendritic Spine Membrane"	"GO:0032591"	"cellular component_id"	"AnatomicalEntity|BiologicalEntity|CellularComponent|Entity|NamedThing|OrganismalEntity"
GO:0031045	"Dense Core Granule"	"GO:0031045"	"cellular component_id"	"AnatomicalEntity|BiologicalEntity|CellularComponent|Entity|NamedThing|OrganismalEntity"
GO:0030057	"Desmosome"	"GO:0030057"	"cellular component_id"	"AnatomicalEntity|BiologicalEntity|CellularComponent|Entity|NamedThing|OrganismalEntity"
GO:0045240	"Dihydrolipoyl Dehydrogenase Complex"	"GO:0045240"	"cellular component_id"	"AnatomicalEntity|BiologicalEntity|CellularComponent|Entity|NamedThing|OrganismalEntity"
GO:0016011	"Dystroglycan Complex"	"GO:0016011"	"cellular component_id"	"AnatomicalEntity|BiologicalEntity|CellularComponent|Entity|NamedThing|OrganismalEntity"
GO:0005769	"Early Endosome"	"GO:0005769"	"cellular component_id"	"AnatomicalEntity|BiologicalEntity|CellularComponent|Entity|NamedThing|OrganismalEntity"
GO:0031901	"Early Endosome Membrane"	"GO:0031901"	"cellular component_id"	"AnatomicalEntity|BiologicalEntity|CellularComponent|Entity|NamedThing|OrganismalEntity"
GO:0032009	"Early Phagosome"	"GO:0032009"	"cellular component_id"	"AnatomicalEntity|BiologicalEntity|CellularComponent|Entity|NamedThing|OrganismalEntity"
GO:0030139	"Endocytic Vesicle"	"GO:0030139"	"cellular component_id"	"AnatomicalEntity|BiologicalEntity|CellularComponent|Entity|NamedThing|OrganismalEntity"
GO:0071682	"Endocytic Vesicle Lumen"	"GO:0071682"	"cellular component_id"	"AnatomicalEntity|BiologicalEntity|CellularComponent|Entity|NamedThing|OrganismalEntity"
GO:0030666	"Endocytic Vesicle Membrane"	"GO:0030666"	"cellular component_id"	"AnatomicalEntity|BiologicalEntity|CellularComponent|Entity|NamedThing|OrganismalEntity"
GO:0036019	"Endolysosome"	"GO:0036019"	"cellular component_id"	"AnatomicalEntity|BiologicalEntity|CellularComponent|Entity|NamedThing|OrganismalEntity"
GO:0036020	"Endolysosome Membrane"	"GO:0036020"	"cellular component_id"	"AnatomicalEntity|BiologicalEntity|CellularComponent|Entity|NamedThing|OrganismalEntity"
GO:1905369	"Endopeptidase Complex"	"GO:1905369"	"cellular component_id"	"AnatomicalEntity|BiologicalEntity|CellularComponent|Entity|NamedThing|OrganismalEntity"
GO:0005788	"Endoplasmic Reticulum Lumen"	"GO:0005788"	"cellular component_id"	"AnatomicalEntity|BiologicalEntity|CellularComponent|Entity|NamedThing|OrganismalEntity"
GO:0005789	"Endoplasmic Reticulum Membrane"	"GO:0005789"	"cellular component_id"	"AnatomicalEntity|BiologicalEntity|CellularComponent|Entity|NamedThing|OrganismalEntity"
GO:0071782	"Endoplasmic Reticulum Tubular Network"	"GO:0071782"	"cellular component_id"	"AnatomicalEntity|BiologicalEntity|CellularComponent|Entity|NamedThing|OrganismalEntity"
GO:0033116	"Endoplasmic reticulum-Golgi Intermediate Compartment Membrane"	"GO:0033116"	"cellular component_id"	"AnatomicalEntity|BiologicalEntity|CellularComponent|Entity|NamedThing|OrganismalEntity"
GO:1902555	"Endoribonuclease Complex"	"GO:1902555"	"cellular component_id"	"AnatomicalEntity|BiologicalEntity|CellularComponent|Entity|NamedThing|OrganismalEntity"
GO:0031904	"Endosome Lumen"	"GO:0031904"	"cellular component_id"	"AnatomicalEntity|BiologicalEntity|CellularComponent|Entity|NamedThing|OrganismalEntity"
GO:0010008	"Endosome Membrane"	"GO:0010008"	"cellular component_id"	"AnatomicalEntity|BiologicalEntity|CellularComponent|Entity|NamedThing|OrganismalEntity"
GO:0000791	"Euchromatin"	"GO:0000791"	"cellular component_id"	"AnatomicalEntity|BiologicalEntity|CellularComponent|Entity|NamedThing|OrganismalEntity"
GO:0060076	"Excitatory Synapse"	"GO:0060076"	"cellular component_id"	"AnatomicalEntity|BiologicalEntity|CellularComponent|Entity|NamedThing|OrganismalEntity"
GO:0070382	"Exocytic Vesicle"	"GO:0070382"	"cellular component_id"	"AnatomicalEntity|BiologicalEntity|CellularComponent|Entity|NamedThing|OrganismalEntity"
GO:0099501	"Exocytic Vesicle Membrane"	"GO:0099501"	"cellular component_id"	"AnatomicalEntity|BiologicalEntity|CellularComponent|Entity|NamedThing|OrganismalEntity"
GO:0098591	"External Side Of Apical Plasma Membrane"	"GO:0098591"	"cellular component_id"	"AnatomicalEntity|BiologicalEntity|CellularComponent|Entity|NamedThing|OrganismalEntity"
GO:0065010	"Extracellular Membrane-Bounded Organelle"	"GO:0065010"	"cellular component_id"	"AnatomicalEntity|BiologicalEntity|CellularComponent|Entity|NamedThing|OrganismalEntity"
GO:1903561	"Extracellular Vesicle"	"GO:1903561"	"cellular component_id"	"AnatomicalEntity|BiologicalEntity|CellularComponent|Entity|NamedThing|OrganismalEntity"
GO:0031234	"Extrinsic Component Of Cytoplasmic Side Of Plasma Membrane"	"GO:0031234"	"cellular component_id"	"AnatomicalEntity|BiologicalEntity|CellularComponent|Entity|NamedThing|OrganismalEntity"
GO:0042406	"Extrinsic Component Of Endoplasmic Reticulum Membrane"	"GO:0042406"	"cellular component_id"	"AnatomicalEntity|BiologicalEntity|CellularComponent|Entity|NamedThing|OrganismalEntity"
GO:0031313	"Extrinsic Component Of Endosome Membrane"	"GO:0031313"	"cellular component_id"	"AnatomicalEntity|BiologicalEntity|CellularComponent|Entity|NamedThing|OrganismalEntity"
GO:0101002	"Ficolin-1-Rich Granule"	"GO:0101002"	"cellular component_id"	"AnatomicalEntity|BiologicalEntity|CellularComponent|Entity|NamedThing|OrganismalEntity"
GO:1904813	"Ficolin-1-Rich Granule Lumen"	"GO:1904813"	"cellular component_id"	"AnatomicalEntity|BiologicalEntity|CellularComponent|Entity|NamedThing|OrganismalEntity"
GO:0101003	"Ficolin-1-Rich Granule Membrane"	"GO:0101003"	"cellular component_id"	"AnatomicalEntity|BiologicalEntity|CellularComponent|Entity|NamedThing|OrganismalEntity"
GO:0030175	"Filopodium"	"GO:0030175"	"cellular component_id"	"AnatomicalEntity|BiologicalEntity|CellularComponent|Entity|NamedThing|OrganismalEntity"
GO:0031527	"Filopodium Membrane"	"GO:0031527"	"cellular component_id"	"AnatomicalEntity|BiologicalEntity|CellularComponent|Entity|NamedThing|OrganismalEntity"
GO:0016600	"Flotillin Complex"	"GO:0016600"	"cellular component_id"	"AnatomicalEntity|BiologicalEntity|CellularComponent|Entity|NamedThing|OrganismalEntity"
GO:0005925	"Focal Adhesion"	"GO:0005925"	"cellular component_id"	"AnatomicalEntity|BiologicalEntity|CellularComponent|Entity|NamedThing|OrganismalEntity"
GO:0042106	"Gamma-Delta T Cell Receptor Complex"	"GO:0042106"	"cellular component_id"	"AnatomicalEntity|BiologicalEntity|CellularComponent|Entity|NamedThing|OrganismalEntity"
GO:0005921	"Gap Junction"	"GO:0005921"	"cellular component_id"	"AnatomicalEntity|BiologicalEntity|CellularComponent|Entity|NamedThing|OrganismalEntity"
GO:0060293	"Germ Plasm"	"GO:0060293"	"cellular component_id"	"AnatomicalEntity|BiologicalEntity|CellularComponent|Entity|NamedThing|OrganismalEntity"
GO:0097386	"Glial Cell Projection"	"GO:0097386"	"cellular component_id"	"AnatomicalEntity|BiologicalEntity|CellularComponent|Entity|NamedThing|OrganismalEntity"
GO:0098978	"Glutamatergic Synapse"	"GO:0098978"	"cellular component_id"	"AnatomicalEntity|BiologicalEntity|CellularComponent|Entity|NamedThing|OrganismalEntity"
GO:0030056	"Hemidesmosome"	"GO:0030056"	"cellular component_id"	"AnatomicalEntity|BiologicalEntity|CellularComponent|Entity|NamedThing|OrganismalEntity"
GO:0000792	"Heterochromatin"	"GO:0000792"	"cellular component_id"	"AnatomicalEntity|BiologicalEntity|CellularComponent|Entity|NamedThing|OrganismalEntity"
GO:0005834	"Heterotrimeric G-protein Complex"	"GO:0005834"	"cellular component_id"	"AnatomicalEntity|BiologicalEntity|CellularComponent|Entity|NamedThing|OrganismalEntity"
GO:0034364	"High-Density Lipoprotein Particle"	"GO:0034364"	"cellular component_id"	"AnatomicalEntity|BiologicalEntity|CellularComponent|Entity|NamedThing|OrganismalEntity"
GO:0000123	"Histone Acetyltransferase Complex"	"GO:0000123"	"cellular component_id"	"AnatomicalEntity|BiologicalEntity|CellularComponent|Entity|NamedThing|OrganismalEntity"
GO:0060077	"Inhibitory Synapse"	"GO:0060077"	"cellular component_id"	"AnatomicalEntity|BiologicalEntity|CellularComponent|Entity|NamedThing|OrganismalEntity"
GO:0032593	"Insulin-Responsive Compartment"	"GO:0032593"	"cellular component_id"	"AnatomicalEntity|BiologicalEntity|CellularComponent|Entity|NamedThing|OrganismalEntity"
GO:0014704	"Intercalated Disc"	"GO:0014704"	"cellular component_id"	"AnatomicalEntity|BiologicalEntity|CellularComponent|Entity|NamedThing|OrganismalEntity"
GO:0005882	"Intermediate Filament"	"GO:0005882"	"cellular component_id"	"AnatomicalEntity|BiologicalEntity|CellularComponent|Entity|NamedThing|OrganismalEntity"
GO:0045111	"Intermediate Filament Cytoskeleton"	"GO:0045111"	"cellular component_id"	"AnatomicalEntity|BiologicalEntity|CellularComponent|Entity|NamedThing|OrganismalEntity"
GO:0017071	"Intracellular Cyclic Nucleotide Activated Cation Channel Complex"	"GO:0017071"	"cellular component_id"	"AnatomicalEntity|BiologicalEntity|CellularComponent|Entity|NamedThing|OrganismalEntity"
GO:0043231	"Intracellular Membrane-Bounded Organelle"	"GO:0043231"	"cellular component_id"	"AnatomicalEntity|BiologicalEntity|CellularComponent|Entity|NamedThing|OrganismalEntity"
GO:0043232	"Intracellular Non-Membrane-Bounded Organelle"	"GO:0043232"	"cellular component_id"	"AnatomicalEntity|BiologicalEntity|CellularComponent|Entity|NamedThing|OrganismalEntity"
GO:0070013	"Intracellular Organelle Lumen"	"GO:0070013"	"cellular component_id"	"AnatomicalEntity|BiologicalEntity|CellularComponent|Entity|NamedThing|OrganismalEntity"
GO:0097708	"Intracellular Vesicle"	"GO:0097708"	"cellular component_id"	"AnatomicalEntity|BiologicalEntity|CellularComponent|Entity|NamedThing|OrganismalEntity"
GO:0008328	"Ionotropic Glutamate Receptor Complex"	"GO:0008328"	"cellular component_id"	"AnatomicalEntity|BiologicalEntity|CellularComponent|Entity|NamedThing|OrganismalEntity"
GO:0014701	"Junctional Sarcoplasmic Reticulum Membrane"	"GO:0014701"	"cellular component_id"	"AnatomicalEntity|BiologicalEntity|CellularComponent|Entity|NamedThing|OrganismalEntity"
GO:0045095	"Keratin Filament"	"GO:0045095"	"cellular component_id"	"AnatomicalEntity|BiologicalEntity|CellularComponent|Entity|NamedThing|OrganismalEntity"
GO:0005828	"Kinetochore Microtubule"	"GO:0005828"	"cellular component_id"	"AnatomicalEntity|BiologicalEntity|CellularComponent|Entity|NamedThing|OrganismalEntity"
GO:0042599	"Lamellar Body"	"GO:0042599"	"cellular component_id"	"AnatomicalEntity|BiologicalEntity|CellularComponent|Entity|NamedThing|OrganismalEntity"
GO:0015934	"Large Ribosomal Subunit"	"GO:0015934"	"cellular component_id"	"AnatomicalEntity|BiologicalEntity|CellularComponent|Entity|NamedThing|OrganismalEntity"
GO:0005770	"Late Endosome"	"GO:0005770"	"cellular component_id"	"AnatomicalEntity|BiologicalEntity|CellularComponent|Entity|NamedThing|OrganismalEntity"
GO:0031906	"Late Endosome Lumen"	"GO:0031906"	"cellular component_id"	"AnatomicalEntity|BiologicalEntity|CellularComponent|Entity|NamedThing|OrganismalEntity"
GO:0031902	"Late Endosome Membrane"	"GO:0031902"	"cellular component_id"	"AnatomicalEntity|BiologicalEntity|CellularComponent|Entity|NamedThing|OrganismalEntity"
GO:0005811	"Lipid Droplet"	"GO:0005811"	"cellular component_id"	"AnatomicalEntity|BiologicalEntity|CellularComponent|Entity|NamedThing|OrganismalEntity"
GO:0034362	"Low-Density Lipoprotein Particle"	"GO:0034362"	"cellular component_id"	"AnatomicalEntity|BiologicalEntity|CellularComponent|Entity|NamedThing|OrganismalEntity"
GO:0098553	"Lumenal Side Of Endoplasmic Reticulum Membrane"	"GO:0098553"	"cellular component_id"	"AnatomicalEntity|BiologicalEntity|CellularComponent|Entity|NamedThing|OrganismalEntity"
GO:0043202	"Lysosomal Lumen"	"GO:0043202"	"cellular component_id"	"AnatomicalEntity|BiologicalEntity|CellularComponent|Entity|NamedThing|OrganismalEntity"
GO:0005765	"Lysosomal Membrane"	"GO:0005765"	"cellular component_id"	"AnatomicalEntity|BiologicalEntity|CellularComponent|Entity|NamedThing|OrganismalEntity"
GO:0005764	"Lysosome"	"GO:0005764"	"cellular component_id"	"AnatomicalEntity|BiologicalEntity|CellularComponent|Entity|NamedThing|OrganismalEntity"
GO:0000323	"Lytic Vacuole"	"GO:0000323"	"cellular component_id"	"AnatomicalEntity|BiologicalEntity|CellularComponent|Entity|NamedThing|OrganismalEntity"
GO:0098852	"Lytic Vacuole Membrane"	"GO:0098852"	"cellular component_id"	"AnatomicalEntity|BiologicalEntity|CellularComponent|Entity|NamedThing|OrganismalEntity"
GO:0005847	"mRNA Cleavage And Polyadenylation Specificity Factor Complex"	"GO:0005847"	"cellular component_id"	"AnatomicalEntity|BiologicalEntity|CellularComponent|Entity|NamedThing|OrganismalEntity"
GO:0044354	"Macropinosome"	"GO:0044354"	"cellular component_id"	"AnatomicalEntity|BiologicalEntity|CellularComponent|Entity|NamedThing|OrganismalEntity"
GO:0042470	"Melanosome"	"GO:0042470"	"cellular component_id"	"AnatomicalEntity|BiologicalEntity|CellularComponent|Entity|NamedThing|OrganismalEntity"
GO:0033162	"Melanosome Membrane"	"GO:0033162"	"cellular component_id"	"AnatomicalEntity|BiologicalEntity|CellularComponent|Entity|NamedThing|OrganismalEntity"
GO:0005579	"Membrane Attack Complex"	"GO:0005579"	"cellular component_id"	"AnatomicalEntity|BiologicalEntity|CellularComponent|Entity|NamedThing|OrganismalEntity"
GO:0045121	"Membrane Raft"	"GO:0045121"	"cellular component_id"	"AnatomicalEntity|BiologicalEntity|CellularComponent|Entity|NamedThing|OrganismalEntity"
GO:0031907	"Microbody Lumen"	"GO:0031907"	"cellular component_id"	"AnatomicalEntity|BiologicalEntity|CellularComponent|Entity|NamedThing|OrganismalEntity"
GO:0031903	"Microbody Membrane"	"GO:0031903"	"cellular component_id"	"AnatomicalEntity|BiologicalEntity|CellularComponent|Entity|NamedThing|OrganismalEntity"
GO:0001527	"Microfibril"	"GO:0001527"	"cellular component_id"	"AnatomicalEntity|BiologicalEntity|CellularComponent|Entity|NamedThing|OrganismalEntity"
GO:0005874	"Microtubule"	"GO:0005874"	"cellular component_id"	"AnatomicalEntity|BiologicalEntity|CellularComponent|Entity|NamedThing|OrganismalEntity"
GO:0015630	"Microtubule Cytoskeleton"	"GO:0015630"	"cellular component_id"	"AnatomicalEntity|BiologicalEntity|CellularComponent|Entity|NamedThing|OrganismalEntity"
GO:0005902	"Microvillus"	"GO:0005902"	"cellular component_id"	"AnatomicalEntity|BiologicalEntity|CellularComponent|Entity|NamedThing|OrganismalEntity"
GO:0031528	"Microvillus Membrane"	"GO:0031528"	"cellular component_id"	"AnatomicalEntity|BiologicalEntity|CellularComponent|Entity|NamedThing|OrganismalEntity"
GO:0005947	"Mitochondrial Alpha-Ketoglutarate Dehydrogenase Complex"	"GO:0005947"	"cellular component_id"	"AnatomicalEntity|BiologicalEntity|CellularComponent|Entity|NamedThing|OrganismalEntity"
GO:0005740	"Mitochondrial Envelope"	"GO:0005740"	"cellular component_id"	"AnatomicalEntity|BiologicalEntity|CellularComponent|Entity|NamedThing|OrganismalEntity"
GO:0005743	"Mitochondrial Inner Membrane"	"GO:0005743"	"cellular component_id"	"AnatomicalEntity|BiologicalEntity|CellularComponent|Entity|NamedThing|OrganismalEntity"
GO:0005758	"Mitochondrial Intermembrane Space"	"GO:0005758"	"cellular component_id"	"AnatomicalEntity|BiologicalEntity|CellularComponent|Entity|NamedThing|OrganismalEntity"
GO:0005759	"Mitochondrial Matrix"	"GO:0005759"	"cellular component_id"	"AnatomicalEntity|BiologicalEntity|CellularComponent|Entity|NamedThing|OrganismalEntity"
GO:0031966	"Mitochondrial Membrane"	"GO:0031966"	"cellular component_id"	"AnatomicalEntity|BiologicalEntity|CellularComponent|Entity|NamedThing|OrganismalEntity"
GO:0005741	"Mitochondrial Outer Membrane"	"GO:0005741"	"cellular component_id"	"AnatomicalEntity|BiologicalEntity|CellularComponent|Entity|NamedThing|OrganismalEntity"
GO:0005742	"Mitochondrial Outer Membrane Translocase Complex"	"GO:0005742"	"cellular component_id"	"AnatomicalEntity|BiologicalEntity|CellularComponent|Entity|NamedThing|OrganismalEntity"
GO:0005753	"Mitochondrial Proton-Transporting ATP Synthase Complex"	"GO:0005753"	"cellular component_id"	"AnatomicalEntity|BiologicalEntity|CellularComponent|Entity|NamedThing|OrganismalEntity"
GO:0000276	"Mitochondrial Proton-Transporting ATP Synthase Complex, Coupling Factor F(o)"	"GO:0000276"	"cellular component_id"	"AnatomicalEntity|BiologicalEntity|CellularComponent|Entity|NamedThing|OrganismalEntity"
GO:0005747	"Mitochondrial Respiratory Chain Complex I"	"GO:0005747"	"cellular component_id"	"AnatomicalEntity|BiologicalEntity|CellularComponent|Entity|NamedThing|OrganismalEntity"
GO:0005750	"Mitochondrial Respiratory Chain Complex III"	"GO:0005750"	"cellular component_id"	"AnatomicalEntity|BiologicalEntity|CellularComponent|Entity|NamedThing|OrganismalEntity"
GO:0005751	"Mitochondrial Respiratory Chain Complex IV"	"GO:0005751"	"cellular component_id"	"AnatomicalEntity|BiologicalEntity|CellularComponent|Entity|NamedThing|OrganismalEntity"
GO:0005761	"Mitochondrial Ribosome"	"GO:0005761"	"cellular component_id"	"AnatomicalEntity|BiologicalEntity|CellularComponent|Entity|NamedThing|OrganismalEntity"
GO:0072686	"Mitotic Spindle"	"GO:0072686"	"cellular component_id"	"AnatomicalEntity|BiologicalEntity|CellularComponent|Entity|NamedThing|OrganismalEntity"
GO:1990498	"Mitotic Spindle Microtubule"	"GO:1990498"	"cellular component_id"	"AnatomicalEntity|BiologicalEntity|CellularComponent|Entity|NamedThing|OrganismalEntity"
GO:0034702	"Monoatomic Ion Channel Complex"	"GO:0034702"	"cellular component_id"	"AnatomicalEntity|BiologicalEntity|CellularComponent|Entity|NamedThing|OrganismalEntity"
GO:0031514	"Motile Cilium"	"GO:0031514"	"cellular component_id"	"AnatomicalEntity|BiologicalEntity|CellularComponent|Entity|NamedThing|OrganismalEntity"
GO:0030681	"Multimeric Ribonuclease P Complex"	"GO:0030681"	"cellular component_id"	"AnatomicalEntity|BiologicalEntity|CellularComponent|Entity|NamedThing|OrganismalEntity"
GO:0005771	"Multivesicular Body"	"GO:0005771"	"cellular component_id"	"AnatomicalEntity|BiologicalEntity|CellularComponent|Entity|NamedThing|OrganismalEntity"
GO:0097486	"Multivesicular Body Lumen"	"GO:0097486"	"cellular component_id"	"AnatomicalEntity|BiologicalEntity|CellularComponent|Entity|NamedThing|OrganismalEntity"
GO:0032585	"Multivesicular Body Membrane"	"GO:0032585"	"cellular component_id"	"AnatomicalEntity|BiologicalEntity|CellularComponent|Entity|NamedThing|OrganismalEntity"
GO:0097487	"Multivesicular Body, Internal Vesicle"	"GO:0097487"	"cellular component_id"	"AnatomicalEntity|BiologicalEntity|CellularComponent|Entity|NamedThing|OrganismalEntity"
GO:0005859	"Muscle Myosin Complex"	"GO:0005859"	"cellular component_id"	"AnatomicalEntity|BiologicalEntity|CellularComponent|Entity|NamedThing|OrganismalEntity"
GO:0030016	"Myofibril"	"GO:0030016"	"cellular component_id"	"AnatomicalEntity|BiologicalEntity|CellularComponent|Entity|NamedThing|OrganismalEntity"
GO:0032982	"Myosin Filament"	"GO:0032982"	"cellular component_id"	"AnatomicalEntity|BiologicalEntity|CellularComponent|Entity|NamedThing|OrganismalEntity"
GO:0071565	"nBAF Complex"	"GO:0071565"	"cellular component_id"	"AnatomicalEntity|BiologicalEntity|CellularComponent|Entity|NamedThing|OrganismalEntity"
GO:0031594	"Neuromuscular Junction"	"GO:0031594"	"cellular component_id"	"AnatomicalEntity|BiologicalEntity|CellularComponent|Entity|NamedThing|OrganismalEntity"
GO:0043005	"Neuron Projection"	"GO:0043005"	"cellular component_id"	"AnatomicalEntity|BiologicalEntity|CellularComponent|Entity|NamedThing|OrganismalEntity"
GO:0120111	"Neuron Projection Cytoplasm"	"GO:0120111"	"cellular component_id"	"AnatomicalEntity|BiologicalEntity|CellularComponent|Entity|NamedThing|OrganismalEntity"
GO:0098984	"Neuron To Neuron Synapse"	"GO:0098984"	"cellular component_id"	"AnatomicalEntity|BiologicalEntity|CellularComponent|Entity|NamedThing|OrganismalEntity"
GO:0098992	"Neuronal Dense Core Vesicle"	"GO:0098992"	"cellular component_id"	"AnatomicalEntity|BiologicalEntity|CellularComponent|Entity|NamedThing|OrganismalEntity"
GO:0098878	"Neurotransmitter Receptor Complex"	"GO:0098878"	"cellular component_id"	"AnatomicalEntity|BiologicalEntity|CellularComponent|Entity|NamedThing|OrganismalEntity"
GO:0097730	"Non-Motile Cilium"	"GO:0097730"	"cellular component_id"	"AnatomicalEntity|BiologicalEntity|CellularComponent|Entity|NamedThing|OrganismalEntity"
GO:0071564	"npBAF Complex"	"GO:0071564"	"cellular component_id"	"AnatomicalEntity|BiologicalEntity|CellularComponent|Entity|NamedThing|OrganismalEntity"
GO:0000228	"Nuclear Chromosome"	"GO:0000228"	"cellular component_id"	"AnatomicalEntity|BiologicalEntity|CellularComponent|Entity|NamedThing|OrganismalEntity"
GO:0005641	"Nuclear Envelope Lumen"	"GO:0005641"	"cellular component_id"	"AnatomicalEntity|BiologicalEntity|CellularComponent|Entity|NamedThing|OrganismalEntity"
GO:0042405	"Nuclear Inclusion Body"	"GO:0042405"	"cellular component_id"	"AnatomicalEntity|BiologicalEntity|CellularComponent|Entity|NamedThing|OrganismalEntity"
GO:0005637	"Nuclear Inner Membrane"	"GO:0005637"	"cellular component_id"	"AnatomicalEntity|BiologicalEntity|CellularComponent|Entity|NamedThing|OrganismalEntity"
GO:0031981	"Nuclear Lumen"	"GO:0031981"	"cellular component_id"	"AnatomicalEntity|BiologicalEntity|CellularComponent|Entity|NamedThing|OrganismalEntity"
GO:0031965	"Nuclear Membrane"	"GO:0031965"	"cellular component_id"	"AnatomicalEntity|BiologicalEntity|CellularComponent|Entity|NamedThing|OrganismalEntity"
GO:0005640	"Nuclear Outer Membrane"	"GO:0005640"	"cellular component_id"	"AnatomicalEntity|BiologicalEntity|CellularComponent|Entity|NamedThing|OrganismalEntity"
GO:0097165	"Nuclear Stress Granule"	"GO:0097165"	"cellular component_id"	"AnatomicalEntity|BiologicalEntity|CellularComponent|Entity|NamedThing|OrganismalEntity"
GO:0101019	"Nucleolar Exosome (RNase Complex)"	"GO:0101019"	"cellular component_id"	"AnatomicalEntity|BiologicalEntity|CellularComponent|Entity|NamedThing|OrganismalEntity"
GO:0005730	"Nucleolus"	"GO:0005730"	"cellular component_id"	"AnatomicalEntity|BiologicalEntity|CellularComponent|Entity|NamedThing|OrganismalEntity"
GO:0005634	"Nucleus"	"GO:0005634"	"cellular component_id"	"AnatomicalEntity|BiologicalEntity|CellularComponent|Entity|NamedThing|OrganismalEntity"
GO:0031970	"Organelle Envelope Lumen"	"GO:0031970"	"cellular component_id"	"AnatomicalEntity|BiologicalEntity|CellularComponent|Entity|NamedThing|OrganismalEntity"
GO:0019866	"Organelle Inner Membrane"	"GO:0019866"	"cellular component_id"	"AnatomicalEntity|BiologicalEntity|CellularComponent|Entity|NamedThing|OrganismalEntity"
GO:0031968	"Organelle Outer Membrane"	"GO:0031968"	"cellular component_id"	"AnatomicalEntity|BiologicalEntity|CellularComponent|Entity|NamedThing|OrganismalEntity"
GO:0036157	"Outer Dynein Arm"	"GO:0036157"	"cellular component_id"	"AnatomicalEntity|BiologicalEntity|CellularComponent|Entity|NamedThing|OrganismalEntity"
GO:0005721	"Pericentric Heterochromatin"	"GO:0005721"	"cellular component_id"	"AnatomicalEntity|BiologicalEntity|CellularComponent|Entity|NamedThing|OrganismalEntity"
GO:0072534	"Perineuronal Net"	"GO:0072534"	"cellular component_id"	"AnatomicalEntity|BiologicalEntity|CellularComponent|Entity|NamedThing|OrganismalEntity"
GO:0098966	"Perisynaptic Extracellular Matrix"	"GO:0098966"	"cellular component_id"	"AnatomicalEntity|BiologicalEntity|CellularComponent|Entity|NamedThing|OrganismalEntity"
GO:0005782	"Peroxisomal Matrix"	"GO:0005782"	"cellular component_id"	"AnatomicalEntity|BiologicalEntity|CellularComponent|Entity|NamedThing|OrganismalEntity"
GO:0005778	"Peroxisomal Membrane"	"GO:0005778"	"cellular component_id"	"AnatomicalEntity|BiologicalEntity|CellularComponent|Entity|NamedThing|OrganismalEntity"
GO:0005777	"Peroxisome"	"GO:0005777"	"cellular component_id"	"AnatomicalEntity|BiologicalEntity|CellularComponent|Entity|NamedThing|OrganismalEntity"
GO:0045335	"Phagocytic Vesicle"	"GO:0045335"	"cellular component_id"	"AnatomicalEntity|BiologicalEntity|CellularComponent|Entity|NamedThing|OrganismalEntity"
GO:0030670	"Phagocytic Vesicle Membrane"	"GO:0030670"	"cellular component_id"	"AnatomicalEntity|BiologicalEntity|CellularComponent|Entity|NamedThing|OrganismalEntity"
GO:0097651	"Phosphatidylinositol 3-Kinase Complex, Class I"	"GO:0097651"	"cellular component_id"	"AnatomicalEntity|BiologicalEntity|CellularComponent|Entity|NamedThing|OrganismalEntity"
GO:0005943	"Phosphatidylinositol 3-Kinase Complex, Class IA"	"GO:0005943"	"cellular component_id"	"AnatomicalEntity|BiologicalEntity|CellularComponent|Entity|NamedThing|OrganismalEntity"
GO:0035032	"Phosphatidylinositol 3-Kinase Complex, Class III"	"GO:0035032"	"cellular component_id"	"AnatomicalEntity|BiologicalEntity|CellularComponent|Entity|NamedThing|OrganismalEntity"
GO:0071546	"Pi-Body"	"GO:0071546"	"cellular component_id"	"AnatomicalEntity|BiologicalEntity|CellularComponent|Entity|NamedThing|OrganismalEntity"
GO:0048770	"Pigment Granule"	"GO:0048770"	"cellular component_id"	"AnatomicalEntity|BiologicalEntity|CellularComponent|Entity|NamedThing|OrganismalEntity"
GO:0090741	"Pigment Granule Membrane"	"GO:0090741"	"cellular component_id"	"AnatomicalEntity|BiologicalEntity|CellularComponent|Entity|NamedThing|OrganismalEntity"
GO:0044352	"Pinosome"	"GO:0044352"	"cellular component_id"	"AnatomicalEntity|BiologicalEntity|CellularComponent|Entity|NamedThing|OrganismalEntity"
GO:0044853	"Plasma Membrane Raft"	"GO:0044853"	"cellular component_id"	"AnatomicalEntity|BiologicalEntity|CellularComponent|Entity|NamedThing|OrganismalEntity"
GO:0031091	"Platelet Alpha Granule"	"GO:0031091"	"cellular component_id"	"AnatomicalEntity|BiologicalEntity|CellularComponent|Entity|NamedThing|OrganismalEntity"
GO:0031093	"Platelet Alpha Granule Lumen"	"GO:0031093"	"cellular component_id"	"AnatomicalEntity|BiologicalEntity|CellularComponent|Entity|NamedThing|OrganismalEntity"
GO:0031092	"Platelet Alpha Granule Membrane"	"GO:0031092"	"cellular component_id"	"AnatomicalEntity|BiologicalEntity|CellularComponent|Entity|NamedThing|OrganismalEntity"
GO:0042827	"Platelet Dense Granule"	"GO:0042827"	"cellular component_id"	"AnatomicalEntity|BiologicalEntity|CellularComponent|Entity|NamedThing|OrganismalEntity"
GO:0031089	"Platelet Dense Granule Lumen"	"GO:0031089"	"cellular component_id"	"AnatomicalEntity|BiologicalEntity|CellularComponent|Entity|NamedThing|OrganismalEntity"
GO:0031088	"Platelet Dense Granule Membrane"	"GO:0031088"	"cellular component_id"	"AnatomicalEntity|BiologicalEntity|CellularComponent|Entity|NamedThing|OrganismalEntity"
GO:0031094	"Platelet Dense Tubular Network"	"GO:0031094"	"cellular component_id"	"AnatomicalEntity|BiologicalEntity|CellularComponent|Entity|NamedThing|OrganismalEntity"
GO:0031095	"Platelet Dense Tubular Network Membrane"	"GO:0031095"	"cellular component_id"	"AnatomicalEntity|BiologicalEntity|CellularComponent|Entity|NamedThing|OrganismalEntity"
GO:0002102	"Podosome"	"GO:0002102"	"cellular component_id"	"AnatomicalEntity|BiologicalEntity|CellularComponent|Entity|NamedThing|OrganismalEntity"
GO:0099513	"Polymeric Cytoskeletal Fiber"	"GO:0099513"	"cellular component_id"	"AnatomicalEntity|BiologicalEntity|CellularComponent|Entity|NamedThing|OrganismalEntity"
GO:0042788	"Polysomal Ribosome"	"GO:0042788"	"cellular component_id"	"AnatomicalEntity|BiologicalEntity|CellularComponent|Entity|NamedThing|OrganismalEntity"
GO:0071014	"post-mRNA Release Spliceosomal Complex"	"GO:0071014"	"cellular component_id"	"AnatomicalEntity|BiologicalEntity|CellularComponent|Entity|NamedThing|OrganismalEntity"
GO:0014069	"Postsynaptic Density"	"GO:0014069"	"cellular component_id"	"AnatomicalEntity|BiologicalEntity|CellularComponent|Entity|NamedThing|OrganismalEntity"
GO:0098839	"Postsynaptic Density Membrane"	"GO:0098839"	"cellular component_id"	"AnatomicalEntity|BiologicalEntity|CellularComponent|Entity|NamedThing|OrganismalEntity"
GO:0098837	"Postsynaptic Recycling Endosome"	"GO:0098837"	"cellular component_id"	"AnatomicalEntity|BiologicalEntity|CellularComponent|Entity|NamedThing|OrganismalEntity"
GO:0099634	"Postsynaptic Specialization Membrane"	"GO:0099634"	"cellular component_id"	"AnatomicalEntity|BiologicalEntity|CellularComponent|Entity|NamedThing|OrganismalEntity"
GO:0034705	"Potassium Channel Complex"	"GO:0034705"	"cellular component_id"	"AnatomicalEntity|BiologicalEntity|CellularComponent|Entity|NamedThing|OrganismalEntity"
GO:0071011	"Precatalytic Spliceosome"	"GO:0071011"	"cellular component_id"	"AnatomicalEntity|BiologicalEntity|CellularComponent|Entity|NamedThing|OrganismalEntity"
GO:0030687	"Preribosome, Large Subunit Precursor"	"GO:0030687"	"cellular component_id"	"AnatomicalEntity|BiologicalEntity|CellularComponent|Entity|NamedThing|OrganismalEntity"
GO:0030688	"Preribosome, Small Subunit Precursor"	"GO:0030688"	"cellular component_id"	"AnatomicalEntity|BiologicalEntity|CellularComponent|Entity|NamedThing|OrganismalEntity"
GO:0071010	"Prespliceosome"	"GO:0071010"	"cellular component_id"	"AnatomicalEntity|BiologicalEntity|CellularComponent|Entity|NamedThing|OrganismalEntity"
GO:0005766	"Primary Lysosome"	"GO:0005766"	"cellular component_id"	"AnatomicalEntity|BiologicalEntity|CellularComponent|Entity|NamedThing|OrganismalEntity"
GO:1902911	"Protein Kinase Complex"	"GO:1902911"	"cellular component_id"	"AnatomicalEntity|BiologicalEntity|CellularComponent|Entity|NamedThing|OrganismalEntity"
GO:0030289	"Protein Phosphatase 4 Complex"	"GO:0030289"	"cellular component_id"	"AnatomicalEntity|BiologicalEntity|CellularComponent|Entity|NamedThing|OrganismalEntity"
GO:0000159	"Protein Phosphatase Type 2A Complex"	"GO:0000159"	"cellular component_id"	"AnatomicalEntity|BiologicalEntity|CellularComponent|Entity|NamedThing|OrganismalEntity"
GO:0008287	"Protein Serine/Threonine Phosphatase Complex"	"GO:0008287"	"cellular component_id"	"AnatomicalEntity|BiologicalEntity|CellularComponent|Entity|NamedThing|OrganismalEntity"
GO:0045259	"Proton-Transporting ATP Synthase Complex"	"GO:0045259"	"cellular component_id"	"AnatomicalEntity|BiologicalEntity|CellularComponent|Entity|NamedThing|OrganismalEntity"
GO:0033176	"Proton-Transporting V-type ATPase Complex"	"GO:0033176"	"cellular component_id"	"AnatomicalEntity|BiologicalEntity|CellularComponent|Entity|NamedThing|OrganismalEntity"
GO:0033179	"Proton-Transporting V-type ATPase, V0 Domain"	"GO:0033179"	"cellular component_id"	"AnatomicalEntity|BiologicalEntity|CellularComponent|Entity|NamedThing|OrganismalEntity"
GO:0033180	"Proton-Transporting V-type ATPase, V1 Domain"	"GO:0033180"	"cellular component_id"	"AnatomicalEntity|BiologicalEntity|CellularComponent|Entity|NamedThing|OrganismalEntity"
GO:0031143	"Pseudopodium"	"GO:0031143"	"cellular component_id"	"AnatomicalEntity|BiologicalEntity|CellularComponent|Entity|NamedThing|OrganismalEntity"
GO:0055037	"Recycling Endosome"	"GO:0055037"	"cellular component_id"	"AnatomicalEntity|BiologicalEntity|CellularComponent|Entity|NamedThing|OrganismalEntity"
GO:0055038	"Recycling Endosome Membrane"	"GO:0055038"	"cellular component_id"	"AnatomicalEntity|BiologicalEntity|CellularComponent|Entity|NamedThing|OrganismalEntity"
GO:0045271	"Respiratory Chain Complex I"	"GO:0045271"	"cellular component_id"	"AnatomicalEntity|BiologicalEntity|CellularComponent|Entity|NamedThing|OrganismalEntity"
GO:0045275	"Respiratory Chain Complex III"	"GO:0045275"	"cellular component_id"	"AnatomicalEntity|BiologicalEntity|CellularComponent|Entity|NamedThing|OrganismalEntity"
GO:0045277	"Respiratory Chain Complex IV"	"GO:0045277"	"cellular component_id"	"AnatomicalEntity|BiologicalEntity|CellularComponent|Entity|NamedThing|OrganismalEntity"
GO:0000172	"Ribonuclease MRP Complex"	"GO:0000172"	"cellular component_id"	"AnatomicalEntity|BiologicalEntity|CellularComponent|Entity|NamedThing|OrganismalEntity"
GO:0005840	"Ribosome"	"GO:0005840"	"cellular component_id"	"AnatomicalEntity|BiologicalEntity|CellularComponent|Entity|NamedThing|OrganismalEntity"
GO:0005791	"Rough Endoplasmic Reticulum"	"GO:0005791"	"cellular component_id"	"AnatomicalEntity|BiologicalEntity|CellularComponent|Entity|NamedThing|OrganismalEntity"
GO:0030867	"Rough Endoplasmic Reticulum Membrane"	"GO:0030867"	"cellular component_id"	"AnatomicalEntity|BiologicalEntity|CellularComponent|Entity|NamedThing|OrganismalEntity"
GO:0016012	"Sarcoglycan Complex"	"GO:0016012"	"cellular component_id"	"AnatomicalEntity|BiologicalEntity|CellularComponent|Entity|NamedThing|OrganismalEntity"
GO:0042383	"Sarcolemma"	"GO:0042383"	"cellular component_id"	"AnatomicalEntity|BiologicalEntity|CellularComponent|Entity|NamedThing|OrganismalEntity"
GO:0016529	"Sarcoplasmic Reticulum"	"GO:0016529"	"cellular component_id"	"AnatomicalEntity|BiologicalEntity|CellularComponent|Entity|NamedThing|OrganismalEntity"
GO:0033017	"Sarcoplasmic Reticulum Membrane"	"GO:0033017"	"cellular component_id"	"AnatomicalEntity|BiologicalEntity|CellularComponent|Entity|NamedThing|OrganismalEntity"
GO:0005767	"Secondary Lysosome"	"GO:0005767"	"cellular component_id"	"AnatomicalEntity|BiologicalEntity|CellularComponent|Entity|NamedThing|OrganismalEntity"
GO:0034774	"Secretory Granule Lumen"	"GO:0034774"	"cellular component_id"	"AnatomicalEntity|BiologicalEntity|CellularComponent|Entity|NamedThing|OrganismalEntity"
GO:0030667	"Secretory Granule Membrane"	"GO:0030667"	"cellular component_id"	"AnatomicalEntity|BiologicalEntity|CellularComponent|Entity|NamedThing|OrganismalEntity"
GO:0099503	"Secretory Vesicle"	"GO:0099503"	"cellular component_id"	"AnatomicalEntity|BiologicalEntity|CellularComponent|Entity|NamedThing|OrganismalEntity"
GO:0032156	"Septin Cytoskeleton"	"GO:0032156"	"cellular component_id"	"AnatomicalEntity|BiologicalEntity|CellularComponent|Entity|NamedThing|OrganismalEntity"
GO:0005940	"Septin Ring"	"GO:0005940"	"cellular component_id"	"AnatomicalEntity|BiologicalEntity|CellularComponent|Entity|NamedThing|OrganismalEntity"
GO:0017059	"Serine C-palmitoyltransferase Complex"	"GO:0017059"	"cellular component_id"	"AnatomicalEntity|BiologicalEntity|CellularComponent|Entity|NamedThing|OrganismalEntity"
GO:0097180	"Serine Protease Inhibitor Complex"	"GO:0097180"	"cellular component_id"	"AnatomicalEntity|BiologicalEntity|CellularComponent|Entity|NamedThing|OrganismalEntity"
GO:1905370	"Serine-Type Endopeptidase Complex"	"GO:1905370"	"cellular component_id"	"AnatomicalEntity|BiologicalEntity|CellularComponent|Entity|NamedThing|OrganismalEntity"
GO:1905286	"Serine-Type Peptidase Complex"	"GO:1905286"	"cellular component_id"	"AnatomicalEntity|BiologicalEntity|CellularComponent|Entity|NamedThing|OrganismalEntity"
GO:1902554	"Serine/Threonine Protein Kinase Complex"	"GO:1902554"	"cellular component_id"	"AnatomicalEntity|BiologicalEntity|CellularComponent|Entity|NamedThing|OrganismalEntity"
GO:0000803	"Sex Chromosome"	"GO:0000803"	"cellular component_id"	"AnatomicalEntity|BiologicalEntity|CellularComponent|Entity|NamedThing|OrganismalEntity"
GO:0070187	"Shelterin Complex"	"GO:0070187"	"cellular component_id"	"AnatomicalEntity|BiologicalEntity|CellularComponent|Entity|NamedThing|OrganismalEntity"
GO:0005786	"Signal Recognition Particle, Endoplasmic Reticulum Targeting"	"GO:0005786"	"cellular component_id"	"AnatomicalEntity|BiologicalEntity|CellularComponent|Entity|NamedThing|OrganismalEntity"
GO:0015935	"Small Ribosomal Subunit"	"GO:0015935"	"cellular component_id"	"AnatomicalEntity|BiologicalEntity|CellularComponent|Entity|NamedThing|OrganismalEntity"
GO:0032040	"Small-Subunit Processome"	"GO:0032040"	"cellular component_id"	"AnatomicalEntity|BiologicalEntity|CellularComponent|Entity|NamedThing|OrganismalEntity"
GO:0005790	"Smooth Endoplasmic Reticulum"	"GO:0005790"	"cellular component_id"	"AnatomicalEntity|BiologicalEntity|CellularComponent|Entity|NamedThing|OrganismalEntity"
GO:0034706	"Sodium Channel Complex"	"GO:0034706"	"cellular component_id"	"AnatomicalEntity|BiologicalEntity|CellularComponent|Entity|NamedThing|OrganismalEntity"
GO:0005890	"Sodium:Potassium-Exchanging ATPase Complex"	"GO:0005890"	"cellular component_id"	"AnatomicalEntity|BiologicalEntity|CellularComponent|Entity|NamedThing|OrganismalEntity"
GO:0042581	"Specific Granule"	"GO:0042581"	"cellular component_id"	"AnatomicalEntity|BiologicalEntity|CellularComponent|Entity|NamedThing|OrganismalEntity"
GO:0035580	"Specific Granule Lumen"	"GO:0035580"	"cellular component_id"	"AnatomicalEntity|BiologicalEntity|CellularComponent|Entity|NamedThing|OrganismalEntity"
GO:0035579	"Specific Granule Membrane"	"GO:0035579"	"cellular component_id"	"AnatomicalEntity|BiologicalEntity|CellularComponent|Entity|NamedThing|OrganismalEntity"
GO:0014731	"Spectrin-Associated Cytoskeleton"	"GO:0014731"	"cellular component_id"	"AnatomicalEntity|BiologicalEntity|CellularComponent|Entity|NamedThing|OrganismalEntity"
GO:0036126	"Sperm Flagellum"	"GO:0036126"	"cellular component_id"	"AnatomicalEntity|BiologicalEntity|CellularComponent|Entity|NamedThing|OrganismalEntity"
GO:0034366	"Spherical High-Density Lipoprotein Particle"	"GO:0034366"	"cellular component_id"	"AnatomicalEntity|BiologicalEntity|CellularComponent|Entity|NamedThing|OrganismalEntity"
GO:0005819	"Spindle"	"GO:0005819"	"cellular component_id"	"AnatomicalEntity|BiologicalEntity|CellularComponent|Entity|NamedThing|OrganismalEntity"
GO:0005876	"Spindle Microtubule"	"GO:0005876"	"cellular component_id"	"AnatomicalEntity|BiologicalEntity|CellularComponent|Entity|NamedThing|OrganismalEntity"
GO:0097525	"Spliceosomal snRNP Complex"	"GO:0097525"	"cellular component_id"	"AnatomicalEntity|BiologicalEntity|CellularComponent|Entity|NamedThing|OrganismalEntity"
GO:0097526	"Spliceosomal tri-snRNP Complex"	"GO:0097526"	"cellular component_id"	"AnatomicalEntity|BiologicalEntity|CellularComponent|Entity|NamedThing|OrganismalEntity"
GO:0099512	"Supramolecular Fiber"	"GO:0099512"	"cellular component_id"	"AnatomicalEntity|BiologicalEntity|CellularComponent|Entity|NamedThing|OrganismalEntity"
GO:0032280	"Symmetric Synapse"	"GO:0032280"	"cellular component_id"	"AnatomicalEntity|BiologicalEntity|CellularComponent|Entity|NamedThing|OrganismalEntity"
GO:0097060	"Synaptic Membrane"	"GO:0097060"	"cellular component_id"	"AnatomicalEntity|BiologicalEntity|CellularComponent|Entity|NamedThing|OrganismalEntity"
GO:0030672	"Synaptic Vesicle Membrane"	"GO:0030672"	"cellular component_id"	"AnatomicalEntity|BiologicalEntity|CellularComponent|Entity|NamedThing|OrganismalEntity"
GO:0043527	"tRNA Methyltransferase Complex"	"GO:0043527"	"cellular component_id"	"AnatomicalEntity|BiologicalEntity|CellularComponent|Entity|NamedThing|OrganismalEntity"
GO:0070820	"Tertiary Granule"	"GO:0070820"	"cellular component_id"	"AnatomicalEntity|BiologicalEntity|CellularComponent|Entity|NamedThing|OrganismalEntity"
GO:1904724	"Tertiary Granule Lumen"	"GO:1904724"	"cellular component_id"	"AnatomicalEntity|BiologicalEntity|CellularComponent|Entity|NamedThing|OrganismalEntity"
GO:0070821	"Tertiary Granule Membrane"	"GO:0070821"	"cellular component_id"	"AnatomicalEntity|BiologicalEntity|CellularComponent|Entity|NamedThing|OrganismalEntity"
GO:0070160	"Tight Junction"	"GO:0070160"	"cellular component_id"	"AnatomicalEntity|BiologicalEntity|CellularComponent|Entity|NamedThing|OrganismalEntity"
GO:0005802	"trans-Golgi Network"	"GO:0005802"	"cellular component_id"	"AnatomicalEntity|BiologicalEntity|CellularComponent|Entity|NamedThing|OrganismalEntity"
GO:0032588	"trans-Golgi Network Membrane"	"GO:0032588"	"cellular component_id"	"AnatomicalEntity|BiologicalEntity|CellularComponent|Entity|NamedThing|OrganismalEntity"
GO:0030140	"trans-Golgi Network Transport Vesicle"	"GO:0030140"	"cellular component_id"	"AnatomicalEntity|BiologicalEntity|CellularComponent|Entity|NamedThing|OrganismalEntity"
GO:0005669	"Transcription Factor TFIID Complex"	"GO:0005669"	"cellular component_id"	"AnatomicalEntity|BiologicalEntity|CellularComponent|Entity|NamedThing|OrganismalEntity"
GO:0000439	"Transcription Factor TFIIH Core Complex"	"GO:0000439"	"cellular component_id"	"AnatomicalEntity|BiologicalEntity|CellularComponent|Entity|NamedThing|OrganismalEntity"
GO:0005675	"Transcription Factor TFIIH Holo Complex"	"GO:0005675"	"cellular component_id"	"AnatomicalEntity|BiologicalEntity|CellularComponent|Entity|NamedThing|OrganismalEntity"
GO:0000127	"Transcription Factor TFIIIC Complex"	"GO:0000127"	"cellular component_id"	"AnatomicalEntity|BiologicalEntity|CellularComponent|Entity|NamedThing|OrganismalEntity"
GO:0033276	"Transcription Factor TFTC Complex"	"GO:0033276"	"cellular component_id"	"AnatomicalEntity|BiologicalEntity|CellularComponent|Entity|NamedThing|OrganismalEntity"
GO:0061695	"Transferase Complex, Transferring Phosphorus-Containing Groups"	"GO:0061695"	"cellular component_id"	"AnatomicalEntity|BiologicalEntity|CellularComponent|Entity|NamedThing|OrganismalEntity"
GO:0030658	"Transport Vesicle Membrane"	"GO:0030658"	"cellular component_id"	"AnatomicalEntity|BiologicalEntity|CellularComponent|Entity|NamedThing|OrganismalEntity"
GO:0034385	"Triglyceride-Rich Plasma Lipoprotein Particle"	"GO:0034385"	"cellular component_id"	"AnatomicalEntity|BiologicalEntity|CellularComponent|Entity|NamedThing|OrganismalEntity"
GO:1990246	"Uniplex Complex"	"GO:1990246"	"cellular component_id"	"AnatomicalEntity|BiologicalEntity|CellularComponent|Entity|NamedThing|OrganismalEntity"
GO:0005775	"Vacuolar Lumen"	"GO:0005775"	"cellular component_id"	"AnatomicalEntity|BiologicalEntity|CellularComponent|Entity|NamedThing|OrganismalEntity"
GO:0005774	"Vacuolar Membrane"	"GO:0005774"	"cellular component_id"	"AnatomicalEntity|BiologicalEntity|CellularComponent|Entity|NamedThing|OrganismalEntity"
GO:0016471	"Vacuolar Proton-Transporting V-type ATPase Complex"	"GO:0016471"	"cellular component_id"	"AnatomicalEntity|BiologicalEntity|CellularComponent|Entity|NamedThing|OrganismalEntity"
GO:0000220	"Vacuolar Proton-Transporting V-type ATPase, V0 Domain"	"GO:0000220"	"cellular component_id"	"AnatomicalEntity|BiologicalEntity|CellularComponent|Entity|NamedThing|OrganismalEntity"
GO:0000221	"Vacuolar Proton-Transporting V-type ATPase, V1 Domain"	"GO:0000221"	"cellular component_id"	"AnatomicalEntity|BiologicalEntity|CellularComponent|Entity|NamedThing|OrganismalEntity"
GO:0034361	"Very-Low-Density Lipoprotein Particle"	"GO:0034361"	"cellular component_id"	"AnatomicalEntity|BiologicalEntity|CellularComponent|Entity|NamedThing|OrganismalEntity"
GO:0031982	"Vesicle"	"GO:0031982"	"cellular component_id"	"AnatomicalEntity|BiologicalEntity|CellularComponent|Entity|NamedThing|OrganismalEntity"
GO:0030120	"Vesicle Coat"	"GO:0030120"	"cellular component_id"	"AnatomicalEntity|BiologicalEntity|CellularComponent|Entity|NamedThing|OrganismalEntity"
GO:0012506	"Vesicle Membrane"	"GO:0012506"	"cellular component_id"	"AnatomicalEntity|BiologicalEntity|CellularComponent|Entity|NamedThing|OrganismalEntity"
GO:0005891	"Voltage-Gated Calcium Channel Complex"	"GO:0005891"	"cellular component_id"	"AnatomicalEntity|BiologicalEntity|CellularComponent|Entity|NamedThing|OrganismalEntity"
GO:0008076	"Voltage-Gated Potassium Channel Complex"	"GO:0008076"	"cellular component_id"	"AnatomicalEntity|BiologicalEntity|CellularComponent|Entity|NamedThing|OrganismalEntity"
GO:0001518	"Voltage-Gated Sodium Channel Complex"	"GO:0001518"	"cellular component_id"	"AnatomicalEntity|BiologicalEntity|CellularComponent|Entity|NamedThing|OrganismalEntity"
GO:0005915	"Zonula Adherens"	"GO:0005915"	"cellular component_id"	"AnatomicalEntity|BiologicalEntity|CellularComponent|Entity|NamedThing|OrganismalEntity"
GO:0042588	"Zymogen Granule"	"GO:0042588"	"cellular component_id"	"AnatomicalEntity|BiologicalEntity|CellularComponent|Entity|NamedThing|OrganismalEntity"
GO:0042589	"Zymogen Granule Membrane"	"GO:0042589"	"cellular component_id"	"AnatomicalEntity|BiologicalEntity|CellularComponent|Entity|NamedThing|OrganismalEntity"
